fold,train_years,test_year,n_train,n_test,n_counties,mae_median,mae_mean,rmse_median,rmse_mean,wape_median,wape_mean,best_iter
1,[2022],2023,2924,2924,2924,0.04260611785870402,0.044970478455479,0.04260611785870402,0.044970478455479,0.09817776468338375,inf,255
2,"[2022, 2023]",2024,5848,2924,2924,0.0060236453882719365,0.009566169038352192,0.0060236453882719365,0.009566169038352192,0.012625640091352655,inf,500
